ID,Name,Code,Country
1,Mark,1.21121111111111E+017,Germany
2,Shane,2121122,France
3,Watson,1.21111221212111E+018,India
4,Colin,3801022,Australia
5,Michael,3.0229001120101E+024,Canada
